{
  "version": 1,
  "root": {
    "ref": "o:1",
    "type": "t:1"
  },
  "objects": {
    "o:1": {
      "barcode": "Lizband.AvatarBeastarsLegosi",
      "title": "Avatar_Beastars_Legosi",
      "description": "Legosi from Beastars",
      "unlockable": false,
      "redacted": false,
      "author": "Lizband",
      "version": "1.0.0",
      "sdkVersion": "0.3.6-1705",
      "internal": false,
      "crates": [
        {
          "ref": "o:2",
          "type": "t:2"
        }
      ],
      "tags": [],
      "changelogs": [],
      "isa": {
        "type": "t:1"
      }
    },
    "o:2": {
      "barcode": "Lizband.AvatarBeastarsLegosi.Avatar.BeastarsLegosi",
      "title": "Beastars Legosi",
      "description": "",
      "unlockable": false,
      "redacted": false,
      "mainAsset": "f16e941592ee2064ca28246ad2a9723b",
      "tags": [],
      "packedAssets": [
        {
          "title": "PreviewMesh",
          "guid": "0d9d2d3805f9abe4db867a7f75ab1fc1"
        }
      ],
      "colliderBounds": {
        "center": {
          "x": 0.0,
          "y": 0.0,
          "z": 0.0
        },
        "extents": {
          "x": 0.0,
          "y": 0.0,
          "z": 0.0
        }
      },
      "isa": {
        "type": "t:2"
      }
    }
  },
  "types": {
    "t:1": {
      "type": "t:1",
      "fullname": "SLZ.Marrow.Warehouse.Pallet, SLZ.Marrow.SDK, Version=0.0.0.0, Culture=neutral, PublicKeyToken=null"
    },
    "t:2": {
      "type": "t:2",
      "fullname": "SLZ.Marrow.Warehouse.AvatarCrate, SLZ.Marrow.SDK, Version=0.0.0.0, Culture=neutral, PublicKeyToken=null"
    }
  }
}