{
  "version": 1,
  "root": {
    "ref": "o:1",
    "type": "t:1"
  },
  "objects": {
    "o:1": {
      "barcode": "Lizband.SpawnableBreakableGlass",
      "title": "Spawnable_Breakable_Glass",
      "description": "",
      "unlockable": false,
      "redacted": false,
      "author": "Lizband",
      "version": "0.0.0",
      "sdkVersion": "0.3.6-1705",
      "internal": false,
      "crates": [
        {
          "ref": "o:2",
          "type": "t:2"
        },
        {
          "ref": "o:3",
          "type": "t:2"
        },
        {
          "ref": "o:4",
          "type": "t:2"
        }
      ],
      "tags": [],
      "changelogs": [],
      "isa": {
        "type": "t:1"
      }
    },
    "o:2": {
      "barcode": "Lizband.SpawnableBreakableGlass.Spawnable.BreakableGlassLight",
      "title": "Breakable Glass Light",
      "description": "",
      "unlockable": false,
      "redacted": false,
      "mainAsset": "cb325b4834d43c2418fcc1117ed0954e",
      "tags": [],
      "packedAssets": [
        {
          "title": "PreviewMesh",
          "guid": "58bb4ad4bef38b640aca56089cc201c1"
        }
      ],
      "colliderBounds": {
        "center": {
          "x": 0.0,
          "y": 0.0,
          "z": 0.0
        },
        "extents": {
          "x": 0.8000001,
          "y": 0.05,
          "z": 1.15
        }
      },
      "isa": {
        "type": "t:2"
      }
    },
    "o:3": {
      "barcode": "Lizband.SpawnableBreakableGlass.Spawnable.BreakableGlassRegular",
      "title": "Breakable Glass Regular",
      "description": "",
      "unlockable": false,
      "redacted": false,
      "mainAsset": "860140b49732b694eb3076b9a3e1aa3d",
      "tags": [],
      "packedAssets": [
        {
          "title": "PreviewMesh",
          "guid": "006816264fddd794eb5e2ef192c05f88"
        }
      ],
      "colliderBounds": {
        "center": {
          "x": 0.0,
          "y": 0.0,
          "z": 0.0
        },
        "extents": {
          "x": 0.8000001,
          "y": 0.05,
          "z": 1.15
        }
      },
      "isa": {
        "type": "t:2"
      }
    },
    "o:4": {
      "barcode": "Lizband.SpawnableBreakableGlass.Spawnable.BreakableGlassStrong",
      "title": "Breakable Glass Strong",
      "description": "",
      "unlockable": false,
      "redacted": false,
      "mainAsset": "474a4c2ce38c4e843bda48c507cce281",
      "tags": [],
      "packedAssets": [
        {
          "title": "PreviewMesh",
          "guid": "a85e4df4152f6724db0bcb2784cd6ac4"
        }
      ],
      "colliderBounds": {
        "center": {
          "x": 0.0,
          "y": 0.0,
          "z": 0.0
        },
        "extents": {
          "x": 0.8000001,
          "y": 0.05,
          "z": 1.15
        }
      },
      "isa": {
        "type": "t:2"
      }
    }
  },
  "types": {
    "t:1": {
      "type": "t:1",
      "fullname": "SLZ.Marrow.Warehouse.Pallet, SLZ.Marrow.SDK, Version=0.0.0.0, Culture=neutral, PublicKeyToken=null"
    },
    "t:2": {
      "type": "t:2",
      "fullname": "SLZ.Marrow.Warehouse.SpawnableCrate, SLZ.Marrow.SDK, Version=0.0.0.0, Culture=neutral, PublicKeyToken=null"
    }
  }
}